applicant_id,skill_id
1,887
1,613
1,1189
1,920
1,588
1,1552
1,154
1,65
1,1709
2,557
2,1391
2,1092
2,1379
2,638
3,1526
3,448
3,1614
3,981
3,1237
3,1098
3,613
3,165
4,162
4,380
4,1653
4,1581
4,769
4,387
4,641
4,1162
4,1262
5,1516
5,1595
5,1383
5,912
5,611
5,1732
5,1315
5,584
6,741
6,761
6,727
6,175
6,904
6,571
6,927
6,1341
6,1557
6,1560
7,750
7,431
7,656
7,1689
7,1253
7,1482
7,32
7,1713
8,1008
8,585
8,472
8,1471
8,213
8,564
8,1735
8,324
8,214
8,1623
9,280
9,1509
9,934
9,721
9,1061
9,236
10,411
10,21
10,129
10,523
10,685
10,176
10,142
11,1440
11,259
11,1309
11,198
11,1114
11,87
11,452
11,960
12,556
12,1682
12,504
12,1713
12,1420
12,1723
12,725
12,190
12,17
12,1653
13,1159
13,1026
13,698
13,151
13,1672
13,1296
13,1232
14,1165
14,49
14,1120
14,466
14,416
14,965
15,1459
15,1472
15,1158
15,1688
15,1523
15,1255
15,296
16,99
16,1158
16,1369
16,1600
16,1435
16,883
16,1094
16,274
17,1429
17,1414
17,1442
17,1173
17,51
17,576
17,993
17,847
17,813
18,1724
18,19
18,1702
18,1287
18,1622
19,328
19,47
19,299
19,1497
19,1260
19,181
19,745
20,1467
20,1272
20,1106
20,1308
20,598
20,792
20,797
20,586
20,1401
21,467
21,392
21,750
21,937
21,1375
21,872
21,903
21,337
22,1528
22,82
22,1501
22,1358
22,1443
22,323
22,1261
23,1285
23,345
23,860
23,1459
23,651
23,119
23,939
23,603
23,12
23,830
24,381
24,707
24,1063
24,697
24,560
24,785
24,1526
24,640
24,102
25,534
25,344
25,746
25,365
25,928
26,1136
26,1512
26,43
26,24
26,1163
26,1370
27,1352
27,876
27,1210
27,987
27,552
27,472
28,1453
28,108
28,1633
28,1307
28,448
28,444
28,1323
28,1264
28,1151
28,49
29,1735
29,176
29,77
29,692
29,1216
29,1223
29,704
29,753
29,1210
30,312
30,503
30,1562
30,1715
30,1555
30,1001
30,1350
30,1003
30,1432
30,989
31,1468
31,79
31,41
31,1713
31,895
31,1149
31,205
31,386
31,1406
32,1408
32,181
32,1021
32,20
32,1366
32,1715
32,772
32,275
33,890
33,924
33,55
33,1413
33,1295
33,1694
33,691
33,1378
33,1723
34,1007
34,197
34,212
34,962
34,284
34,151
34,1334
35,185
35,227
35,416
35,1218
35,1428
36,1348
36,1340
36,586
36,739
36,1353
36,795
36,1716
36,654
36,1202
36,1459
37,545
37,404
37,605
37,1050
37,1596
37,120
37,801
37,264
38,1174
38,26
38,350
38,272
38,988
38,611
39,1155
39,63
39,810
39,925
39,1330
39,615
40,1592
40,201
40,698
40,1395
40,687
40,159
40,1120
40,68
41,12
41,448
41,618
41,88
41,652
42,1006
42,1219
42,474
42,1577
42,1277
42,1294
42,126
42,1197
42,696
43,704
43,894
43,1597
43,776
43,384
43,1341
43,1229
44,723
44,46
44,440
44,295
44,270
44,214
45,538
45,338
45,786
45,208
45,1055
45,473
46,1013
46,215
46,664
46,240
46,138
46,1440
46,680
46,887
47,983
47,308
47,594
47,502
47,622
48,1234
48,1617
48,88
48,830
48,384
48,312
49,135
49,803
49,823
49,1315
49,1231
49,676
49,990
49,492
49,1173
50,188
50,13
50,478
50,1614
50,312
50,1683
50,691
50,1574
50,187
51,819
51,717
51,321
51,1287
51,1252
51,481
51,1
52,368
52,1148
52,602
52,1360
52,882
52,1100
52,1203
53,88
53,90
53,161
53,595
53,1735
53,1413
53,256
53,567
54,764
54,1445
54,1076
54,177
54,281
54,1257
55,868
55,880
55,1703
55,496
55,1579
55,900
55,1109
55,837
55,512
56,503
56,233
56,861
56,796
56,1405
56,123
56,1403
57,668
57,64
57,1072
57,1262
57,387
58,182
58,695
58,502
58,1530
58,180
58,68
58,73
58,362
58,1340
58,1198
59,622
59,727
59,231
59,1088
59,22
60,1635
60,677
60,84
60,230
60,518
60,1118
60,1635
60,1239
60,488
61,1635
61,677
61,84
61,230
61,518
62,1124
62,1531
62,1154
62,183
62,1292
62,222
63,1602
63,1177
63,203
63,167
63,1020
64,1418
64,142
64,943
64,947
64,1176
65,82
65,425
65,739
65,514
65,783
65,432
65,818
65,414
65,542
65,876
66,803
66,607
66,431
66,984
66,601
67,1453
67,987
67,1495
67,151
67,774
67,1382
68,100
68,1070
68,1693
68,1677
68,432
68,41
68,92
68,183
68,430
69,980
69,959
69,1103
69,835
69,88
69,663
69,1345
70,666
70,581
70,159
70,164
70,922
70,953
71,163
71,1735
71,1000
71,1571
71,385
71,1372
71,493
71,561
72,685
72,1717
72,806
72,1165
72,590
72,723
72,1026
72,584
73,1273
73,55
73,1157
73,1061
73,500
73,850
74,1667
74,584
74,554
74,965
74,593
74,1219
74,183
74,232
75,1478
75,561
75,1316
75,1140
75,220
75,1733
75,902
75,967
75,1384
76,902
76,1337
76,1642
76,1205
76,891
76,205
77,1061
77,862
77,1238
77,147
77,113
77,599
77,595
77,1631
77,176
77,267
78,1467
78,420
78,341
78,1309
78,70
78,998
78,1075
78,1265
78,1392
79,1128
79,1604
79,1251
79,307
79,1196
79,740
79,1176
79,1617
80,1188
80,399
80,1376
80,285
80,1141
80,1184
80,439
80,1405
80,1054
80,580
81,1189
81,527
81,140
81,1353
81,599
81,469
81,175
81,1109
82,1097
82,1446
82,249
82,1261
82,298
82,1584
82,1716
82,849
82,1515
82,1393
83,884
83,489
83,793
83,654
83,1520
83,149
83,352
84,107
84,865
84,946
84,858
84,1131
84,1733
85,533
85,42
85,927
85,928
85,1389
85,1233
85,262
85,804
86,509
86,246
86,121
86,354
86,1414
86,1330
87,1614
87,1453
87,195
87,234
87,1218
87,1053
87,1675
87,1598
88,210
88,1287
88,1456
88,809
88,547
88,1089
89,1126
89,1725
89,1469
89,1397
89,284
89,1678
89,304
89,931
89,588
89,1563
90,1277
90,899
90,802
90,803
90,1198
90,662
90,74
90,1728
90,1384
90,77
91,564
91,514
91,1564
91,1727
91,1599
91,418
91,1683
91,17
91,1067
91,1683
92,1068
92,1006
92,1217
92,1648
92,1404
92,1622
92,1397
92,5
92,1719
93,176
93,1630
93,922
93,1401
93,1120
93,1426
94,336
94,132
94,767
94,1301
94,344
94,948
95,1418
95,964
95,1615
95,1511
95,258
96,211
96,804
96,732
96,277
96,1504
96,1468
96,1408
96,751
97,1243
97,1101
97,1194
97,940
97,194
97,1365
97,1589
98,1717
98,1408
98,769
98,684
98,1523
99,910
99,1284
99,622
99,1393
99,569
100,1275
100,1557
100,12
100,594
100,245
100,602
101,1
101,467
101,1505
101,1677
101,891
101,74
101,1171
101,119
101,664
101,337
102,1530
102,1347
102,20
102,1545
102,1075
102,1006
102,1605
102,1334
102,237
103,1008
103,324
103,1663
103,1691
103,718
104,1033
104,364
104,1492
104,1281
104,756
104,1680
104,513
105,718
105,1604
105,765
105,656
105,723
105,1223
105,242
105,967
105,930
105,639
106,1138
106,84
106,646
106,1635
106,518
106,1287
106,1736
106,12
107,84
107,649
107,1635
107,1592
107,518
107,1731
107,372
107,588
107,611
108,92
108,567
108,984
108,1588
108,32
108,458
108,1503
108,1319
108,1475
109,1467
109,196
109,941
109,136
109,1636
110,1577
110,645
110,1139
110,26
110,1173
110,1378
110,1191
110,909
110,1565
111,1388
111,1251
111,1366
111,401
111,1655
111,655
111,1076
111,595
111,534
111,360
112,560
112,956
112,906
112,735
112,226
112,243
113,363
113,382
113,1145
113,1269
113,1258
113,840
114,73
114,1120
114,1367
114,498
114,1093
114,1214
114,1528
115,1062
115,570
115,787
115,904
115,872
115,798
115,592
115,158
115,598
116,299
116,1623
116,1737
116,522
116,1309
116,1232
116,405
116,1458
117,1730
117,240
117,800
117,897
117,1491
117,1162
117,742
118,1515
118,1424
118,1481
118,823
118,962
118,290
118,1374
118,890
119,1522
119,1224
119,320
119,1534
119,941
119,1
119,795
120,896
120,1228
120,499
120,158
120,940
120,807
120,1439
121,1559
121,621
121,956
121,197
121,65
121,1065
121,219
121,1
121,1695
122,741
122,1170
122,780
122,843
122,1471
122,975
122,1154
122,1146
123,358
123,305
123,1062
123,488
123,155
124,270
124,1579
124,542
124,1044
124,1253
124,452
124,133
124,271
124,38
124,471
125,1171
125,48
125,638
125,724
125,820
126,1540
126,25
126,196
126,886
126,1501
127,1124
127,132
127,403
127,980
127,121
127,378
128,923
128,1567
128,883
128,1732
128,60
128,656
129,1207
129,1169
129,491
129,400
129,1564
129,511
130,1545
130,1002
130,804
130,542
130,1424
130,1479
130,1
131,770
131,708
131,271
131,409
131,1387
131,1682
132,297
132,506
132,1607
132,1494
132,539
132,1689
132,2
132,757
133,131
133,269
133,941
133,872
133,1710
133,1495
133,271
133,302
133,1281
133,1558
134,240
134,629
134,633
134,1288
134,968
134,1
134,1268
135,886
135,747
135,113
135,1731
135,577
135,1490
135,1242
135,1621
136,294
136,900
136,887
136,1423
136,1674
136,510
136,984
136,193
136,877
136,451
137,724
137,700
137,1085
137,624
137,1094
137,414
138,1315
138,1326
138,712
138,46
138,155
138,929
139,554
139,1392
139,1472
139,634
139,1317
139,1123
139,866
140,335
140,1115
140,154
140,99
140,306
140,253
140,637
140,1128
140,1423
140,142
141,1524
141,307
141,159
141,1126
141,900
142,502
142,894
142,128
142,1520
142,1430
142,869
143,1601
143,1286
143,485
143,1120
143,777
143,94
143,1086
143,21
143,682
144,141
144,167
144,1644
144,1069
144,653
144,385
144,1717
144,1025
145,1682
145,718
145,1510
145,618
145,1701
145,914
145,1523
145,1723
145,1226
145,1528
146,1344
146,1026
146,1509
146,653
146,549
146,396
147,1272
147,637
147,1482
147,103
147,1612
147,1131
147,474
148,692
148,898
148,745
148,927
148,1712
148,1000
149,1002
149,909
149,1353
149,817
149,1041
149,812
150,1522
150,3
150,599
150,743
150,1110
150,1192
150,32
150,286
151,1534
151,1641
151,286
151,268
151,1175
151,1473
152,1581
152,1495
152,1404
152,401
152,1165
152,1371
152,1306
153,994
153,1408
153,260
153,900
153,854
153,547
153,486
153,290
153,1070
153,797
154,560
154,365
154,1044
154,145
154,1190
154,1687
154,1537
154,897
154,327
154,816
155,273
155,515
155,525
155,350
155,1357
155,334
155,968
156,448
156,1134
156,382
156,157
156,1189
156,144
156,523
156,1683
156,1170
156,1202
157,1549
157,37
157,257
157,928
157,552
157,923
157,1243
158,1287
158,1338
158,1229
158,979
158,662
158,584
159,906
159,1462
159,1453
159,283
159,1013
159,1165
159,486
159,1193
159,1398
159,92
160,1296
160,1402
160,544
160,966
160,428
160,1284
160,1547
160,65
160,368
160,1661
161,33
161,473
161,984
161,1502
161,820
161,468
161,1569
161,659
161,722
161,1579
162,1007
162,67
162,81
162,1655
162,1240
162,986
162,261
163,835
163,577
163,852
163,1449
163,1724
164,900
164,1120
164,1204
164,180
164,1387
164,1558
164,770
165,1632
165,442
165,222
165,707
165,1135
165,851
165,558
165,263
165,1583
165,485
166,1067
166,1141
166,55
166,1619
166,462
167,863
167,1701
167,1629
167,1453
167,1150
168,250
168,1130
168,1310
168,813
168,916
168,1008
168,1282
168,187
168,1223
168,838
169,807
169,159
169,476
169,313
169,984
169,1264
169,885
169,972
170,1216
170,1257
170,1034
170,959
170,1102
171,1651
171,1013
171,1081
171,1250
171,794
171,192
172,1426
172,846
172,930
172,906
172,1562
173,689
173,741
173,70
173,641
173,753
174,1243
174,1060
174,743
174,1499
174,159
174,116
174,704
175,1417
175,1375
175,179
175,1523
175,1349
175,725
175,1020
175,1
176,1244
176,483
176,508
176,1348
176,113
176,1026
176,1332
176,105
177,8
177,34
177,605
177,752
177,1487
177,180
178,884
178,801
178,1379
178,686
178,373
178,1666
178,1303
178,922
179,239
179,649
179,744
179,510
179,582
179,1321
179,463
179,83
179,355
179,1579
180,1585
180,1697
180,888
180,881
180,1063
180,1720
180,1371
180,1367
181,1228
181,1175
181,65
181,1109
181,280
181,1622
182,1194
182,776
182,897
182,1351
182,1021
182,513
182,1044
182,918
183,230
183,1130
183,1176
183,448
183,625
183,84
183,625
183,677
183,1731
183,853
184,84
184,625
184,677
184,1731
184,518
185,229
185,75
185,165
185,1450
185,241
185,315
185,1442
186,1099
186,125
186,404
186,1209
186,1678
186,1460
187,282
187,3
187,508
187,1083
187,1274
187,111
187,1526
188,249
188,343
188,73
188,622
188,250
189,1707
189,807
189,1683
189,290
189,294
190,1050
190,519
190,949
190,1085
190,60
190,740
190,1406
191,707
191,111
191,1040
191,825
191,204
191,1709
191,1248
192,65
192,1004
192,252
192,317
192,434
192,524
192,872
192,1472
192,337
193,666
193,900
193,704
193,908
193,117
193,424
193,1499
193,157
193,837
193,807
194,1243
194,115
194,592
194,431
194,65
195,1377
195,377
195,517
195,1436
195,366
195,617
195,964
195,367
195,514
196,1148
196,978
196,922
196,832
196,302
196,1616
196,604
196,1050
197,1052
197,1005
197,1185
197,1430
197,761
198,1449
198,316
198,380
198,1117
198,897
198,1206
198,1327
199,325
199,1440
199,236
199,1419
199,301
199,1207
200,448
200,1546
200,795
200,792
200,1042
200,1198
201,587
201,648
201,205
201,1485
201,873
202,608
202,231
202,122
202,1695
202,506
202,1407
203,84
203,230
203,317
203,677
203,230
203,632
204,1045
204,119
204,927
204,1421
204,456
204,846
204,52
204,797
205,508
205,45
205,380
205,501
205,395
206,1365
206,891
206,486
206,794
206,1560
207,1582
207,320
207,861
207,1592
207,1321
207,794
207,900
207,1265
208,926
208,549
208,324
208,1142
208,390
208,276
208,826
208,193
208,900
208,103
209,464
209,846
209,88
209,1178
209,1490
209,1347
209,1358
209,1495
210,154
210,624
210,949
210,1368
210,1703
210,1396
210,151
210,1279
211,1033
211,1120
211,1493
211,1211
211,635
211,1632
212,254
212,1417
212,374
212,323
212,328
212,213
212,1050
212,151
212,8
213,109
213,353
213,1301
213,1547
213,1560
213,1632
213,1588
213,11
214,84
214,1635
214,677
214,1105
214,411
215,677
215,1635
215,206
215,611
215,1530
215,1103
215,1483
215,168
216,452
216,1071
216,144
216,883
216,945
216,733
216,26
217,1620
217,947
217,175
217,971
217,1311
218,672
218,530
218,710
218,259
218,78
218,1268
218,1527
219,1124
219,38
219,1638
219,831
219,12
219,1335
219,343
219,874
219,1707
219,1374
220,1702
220,128
220,1653
220,1098
220,137
220,454
220,909
220,753
220,1183
221,662
221,1476
221,1269
221,1098
221,295
221,519
221,1557
222,172
222,704
222,1517
222,1340
222,542
223,1
223,386
223,1460
223,929
223,928
224,302
224,1040
224,1019
224,537
224,930
225,1640
225,854
225,3
225,684
225,401
226,1211
226,1077
226,402
226,816
226,1379
226,849
227,1350
227,298
227,1685
227,909
227,302
227,610
227,162
227,1254
227,74
227,745
228,1364
228,566
228,1182
228,311
228,552
228,1158
229,1481
229,897
229,1286
229,561
229,1248
230,1091
230,1002
230,1316
230,216
230,1304
230,960
230,71
230,644
231,976
231,1308
231,1336
231,230
231,783
231,1005
232,717
232,272
232,1654
232,1160
232,1642
232,8
232,796
232,1703
232,230
232,1521
233,359
233,672
233,1040
233,768
233,399
233,767
233,189
233,656
233,431
233,1735
234,737
234,3
234,1564
234,1701
234,1520
234,955
234,1537
234,1716
235,1191
235,1425
235,896
235,1662
235,75
235,302
235,242
236,1147
236,1515
236,883
236,481
236,431
236,746
236,219
236,1654
236,1034
236,27
237,501
237,561
237,97
237,1159
237,312
237,1577
237,803
238,800
238,539
238,299
238,1304
238,193
238,377
238,139
238,1594
238,309
239,1234
239,1683
239,242
239,1156
239,1543
239,61
239,1212
239,1424
240,708
240,1602
240,1320
240,704
240,489
240,456
240,846
240,1059
240,457
240,1159
241,1703
241,215
241,1441
241,715
241,68
241,1534
241,1140
241,206
242,565
242,1056
242,25
242,1286
242,1464
242,1250
243,1232
243,674
243,1191
243,926
243,1303
243,531
243,1618
244,1113
244,1629
244,785
244,1250
244,416
244,1687
244,1237
244,1127
244,262
245,1554
245,591
245,1032
245,1443
245,757
245,1704
246,1158
246,942
246,61
246,1607
246,1267
246,1181
246,21
247,1038
247,621
247,948
247,615
247,1581
247,1454
247,455
247,1043
247,813
247,256
248,1025
248,449
248,107
248,352
248,699
248,1687
248,1138
248,1334
248,941
248,847
249,1691
249,1184
249,973
249,1655
249,1535
249,1269
249,280
249,952
250,1111
250,586
250,215
250,929
250,297
250,1537
251,1709
251,1509
251,815
251,932
251,454
251,84
251,318
251,32
251,587
251,1726
252,1388
252,1141
252,204
252,862
252,1195
253,945
253,874
253,1279
253,636
253,844
253,381
253,1683
254,1675
254,1457
254,910
254,742
254,71
254,76
254,1081
255,1310
255,421
255,284
255,257
255,964
255,102
255,158
255,902
255,83
255,847
256,845
256,1186
256,1436
256,807
256,528
256,46
256,1303
257,1488
257,656
257,1669
257,1703
257,1132
257,1296
257,1682
257,1583
258,1681
258,1595
258,613
258,637
258,311
258,1242
258,539
258,141
258,1550
258,1639
259,425
259,1072
259,434
259,900
259,827
259,1216
260,1546
260,161
260,1623
260,514
260,188
260,681
260,480
260,270
260,160
260,1641
261,1076
261,1175
261,1497
261,59
261,765
261,531
261,1191
261,1050
261,953
261,1456
262,696
262,1094
262,378
262,604
262,515
262,1431
262,191
262,1177
263,471
263,364
263,1726
263,295
263,1057
263,1049
263,810
263,251
263,458
264,1660
264,210
264,246
264,151
264,224
265,87
265,400
265,947
265,542
265,384
265,1488
265,156
265,1523
266,799
266,118
266,1540
266,1556
266,1474
266,1265
266,1078
266,1267
267,913
267,1622
267,1097
267,1454
267,103
267,1064
267,1413
267,100
267,681
267,210
268,1510
268,437
268,514
268,769
268,542
268,673
268,573
269,496
269,624
269,292
269,120
269,517
269,366
270,207
270,299
270,451
270,1523
270,803
270,739
270,540
270,1135
270,887
270,1572
271,566
271,1685
271,1163
271,492
271,1382
271,299
271,879
272,65
272,640
272,253
272,452
272,889
272,927
272,926
272,1242
272,1277
273,666
273,229
273,589
273,321
273,1054
273,1577
274,1683
274,944
274,887
274,919
274,1610
274,897
274,1659
275,1546
275,731
275,1157
275,613
275,1459
275,602
275,891
275,1178
276,807
276,1139
276,121
276,1346
276,830
276,408
276,1629
277,521
277,1641
277,902
277,732
277,1439
277,1381
277,1398
277,162
277,701
278,941
278,1732
278,260
278,1363
278,722
279,1185
279,112
279,981
279,1615
279,710
279,950
279,1705
279,375
280,1502
280,1068
280,825
280,157
280,817
280,881
280,42
280,23
281,946
281,1730
281,1488
281,159
281,106
281,1036
281,1550
281,1223
281,603
282,1205
282,1241
282,1662
282,864
282,1270
283,12
283,954
283,875
283,201
283,1000
283,804
284,1449
284,1231
284,1461
284,439
284,1458
284,1209
284,1126
284,1416
284,645
284,399
285,185
285,542
285,152
285,997
285,560
285,510
286,852
286,1266
286,1279
286,1437
286,1692
286,348
286,286
286,1043
286,1663
286,511
287,1723
287,1721
287,1021
287,348
287,827
287,554
287,877
287,1390
287,865
288,604
288,12
288,1450
288,229
288,1222
288,1453
288,230
289,327
289,1544
289,1614
289,700
289,926
289,250
289,821
289,1663
290,1417
290,169
290,1428
290,715
290,84
291,468
291,637
291,449
291,1593
291,1435
291,1155
291,561
292,1197
292,862
292,845
292,403
292,1632
292,533
292,1097
292,1098
293,1416
293,912
293,735
293,1145
293,982
293,382
294,403
294,612
294,604
294,1463
294,1632
294,514
294,1514
294,1450
294,1152
294,405
295,1677
295,1153
295,1004
295,613
295,521
295,782
295,501
295,742
295,944
296,248
296,1086
296,1720
296,999
296,707
296,1255
296,1267
297,408
297,1540
297,593
297,766
297,435
297,225
298,1065
298,343
298,364
298,348
298,377
298,1179
298,1195
298,1269
299,768
299,803
299,807
299,987
299,140
299,1698
299,896
299,1294
299,1320
299,1031
300,36
300,1517
300,1354
300,454
300,980
300,1127
300,500
301,784
301,59
301,1562
301,1338
301,1038
301,1723
301,787
302,1571
302,784
302,3
302,1583
302,616
302,1003
302,478
303,119
303,1104
303,1037
303,1463
303,302
303,10
304,949
304,82
304,42
304,407
304,1312
304,286
305,667
305,439
305,1054
305,767
305,231
305,369
306,786
306,1107
306,620
306,1614
306,599
306,936
306,295
306,1003
306,886
307,1027
307,1719
307,1120
307,401
307,277
307,1423
307,1402
307,1252
307,889
308,256
308,1246
308,573
308,379
308,580
309,513
309,138
309,1453
309,331
309,359
309,1357
309,1308
309,1240
310,877
310,327
310,1695
310,627
310,294
310,1246
310,1020
310,48
310,88
311,21
311,1516
311,941
311,1222
311,1131
311,915
312,1112
312,500
312,450
312,1619
312,554
312,574
313,1683
313,8
313,225
313,1375
313,963
313,1491
313,503
313,1562
314,395
314,1502
314,1062
314,24
314,1443
314,1336
315,17
315,807
315,1509
315,322
315,993
315,247
315,1413
316,1586
316,448
316,279
316,1207
316,1466
316,1503
316,845
316,1362
316,1562
316,1442
317,1174
317,407
317,389
317,1429
317,25
317,572
317,1602
318,18
318,936
318,464
318,1017
318,597
318,1533
318,1265
318,598
319,1250
319,338
319,846
319,1271
319,1644
319,569
319,1703
319,1368
319,1016
320,711
320,180
320,219
320,527
320,1215
320,557
320,1317
320,21
320,208
320,512
321,266
321,320
321,1094
321,1344
321,262
321,49
321,1444
321,1591
321,645
322,1094
322,491
322,1637
322,1431
322,610
322,241
322,1414
323,1429
323,9
323,102
323,426
323,1166
323,784
323,1577
323,1040
323,1161
323,1231
324,1246
324,1674
324,454
324,642
324,424
324,1220
324,47
325,597
325,500
325,1078
325,530
325,1409
325,1734
325,360
325,23
325,1044
325,1544
326,1024
326,360
326,702
326,1582
326,1252
327,1427
327,793
327,1280
327,710
327,769
327,1147
327,534
327,842
327,225
328,73
328,818
328,367
328,976
328,1249
328,1679
328,1218
328,1416
328,1485
328,1022
329,268
329,1224
329,7
329,614
329,765
329,1548
330,1551
330,1681
330,367
330,812
330,1650
331,384
331,1263
331,364
331,41
331,1174
331,503
331,2
332,594
332,1409
332,1317
332,246
332,982
332,654
332,181
332,546
332,551
333,1174
333,236
333,106
333,1093
333,221
333,891
333,1048
333,1358
333,1641
333,1395
334,682
334,1257
334,612
334,628
334,461
334,1218
334,900
335,225
335,1265
335,44
335,497
335,769
335,1695
335,543
335,883
336,833
336,895
336,630
336,1032
336,1390
336,1061
336,1363
336,792
337,1655
337,1581
337,1427
337,285
337,1437
337,321
337,1617
337,1086
337,1059
338,1401
338,584
338,278
338,638
338,151
338,1510
338,1139
339,1584
339,990
339,206
339,669
339,437
339,323
339,1423
339,83
339,1671
339,1344
340,546
340,895
340,470
340,896
340,1142
340,790
341,1448
341,848
341,477
341,1507
341,168
341,177
342,1062
342,544
342,1379
342,1288
342,206
342,1610
342,751
342,165
342,1439
343,1617
343,1649
343,1181
343,746
343,591
343,158
343,326
343,917
343,944
343,1055
344,1537
344,1099
344,1175
344,921
344,244
344,49
344,612
344,1643
345,3
345,1306
345,636
345,1253
345,757
346,292
346,4
346,1300
346,413
346,1697
347,1091
347,770
347,1533
347,561
347,968
347,129
347,897
347,652
347,61
347,325
348,658
348,628
348,711
348,1197
348,342
348,286
348,230
348,254
348,185
349,1414
349,720
349,1036
349,1494
349,1504
349,190
350,1468
350,662
350,428
350,1
350,387
350,1661
350,590
350,289
350,1624
351,494
351,210
351,11
351,1120
351,364
351,1190
351,151
351,595
351,50
351,19
352,803
352,41
352,1671
352,68
352,1302
352,298
353,1557
353,1541
353,933
353,1387
353,1115
353,1518
353,972
353,914
353,670
353,169
354,403
354,1051
354,730
354,216
354,390
354,1267
354,595
354,1731
355,143
355,1489
355,723
355,1658
355,405
355,969
355,209
355,1730
355,1266
356,769
356,50
356,883
356,424
356,905
356,1576
356,529
356,1200
356,1638
357,762
357,462
357,851
357,721
357,504
357,787
357,1
357,1615
358,356
358,1197
358,1423
358,525
358,195
358,865
359,166
359,503
359,803
359,852
359,144
359,282
360,313
360,533
360,1264
360,299
360,787
360,678
360,898
360,666
361,1717
361,1690
361,1408
361,757
361,804
361,1156
361,1303
361,917
362,1518
362,1309
362,897
362,956
362,458
362,1441
362,743
362,801
363,667
363,515
363,962
363,578
363,1099
363,547
363,1079
364,1084
364,399
364,1677
364,515
364,278
365,21
365,1392
365,1010
365,1149
365,797
365,1150
365,468
366,1292
366,1370
366,722
366,730
366,1326
366,582
367,350
367,1204
367,508
367,917
367,516
367,1199
367,522
368,89
368,1596
368,247
368,1660
368,62
368,1149
368,728
369,463
369,456
369,1205
369,828
369,1610
369,854
369,1452
369,26
370,470
370,1597
370,437
370,1424
370,1319
370,1491
371,321
371,107
371,795
371,154
371,1325
371,1599
371,1183
371,592
371,1483
371,995
372,1703
372,1571
372,1044
372,1357
372,503
373,151
373,1733
373,601
373,271
373,1647
374,764
374,620
374,1732
374,968
374,707
374,90
374,1559
374,1353
374,1156
374,1011
375,1303
375,1461
375,1523
375,385
375,420
375,114
375,1725
375,783
376,151
376,484
376,1149
376,331
376,176
376,1704
377,467
377,797
377,689
377,404
377,846
378,406
378,1179
378,1207
378,1645
378,266
379,1599
379,1176
379,1628
379,1219
379,1546
379,790
379,1163
379,894
379,1279
380,872
380,104
380,904
380,1509
380,920
380,982
380,1603
381,1414
381,584
381,203
381,795
381,1432
381,653
382,1483
382,1283
382,372
382,1011
382,1320
383,873
383,581
383,501
383,138
383,285
383,1576
383,1653
383,302
384,872
384,16
384,1148
384,217
384,895
384,1300
384,1187
385,1153
385,1426
385,1712
385,1438
385,521
385,37
385,1675
385,1058
385,848
386,1421
386,1646
386,649
386,184
386,1703
386,888
386,490
386,1212
387,260
387,1010
387,20
387,1565
387,160
388,1656
388,289
388,757
388,1170
388,812
388,1670
388,802
388,796
388,290
389,1270
389,1177
389,632
389,1702
389,707
389,350
390,1151
390,694
390,1651
390,1081
390,1228
390,1114
390,326
390,264
390,262
391,514
391,526
391,441
391,690
391,9
392,670
392,362
392,552
392,444
392,9
392,1387
392,1485
392,646
392,1087
393,781
393,1599
393,226
393,1655
393,1404
393,1334
393,221
393,907
393,427
393,141
394,206
394,156
394,106
394,1188
394,270
394,757
394,1423
394,413
394,966
395,1277
395,1422
395,420
395,1604
395,1304
395,792
395,1340
396,857
396,69
396,829
396,256
396,766
396,924
396,1578
396,867
397,1724
397,1399
397,1416
397,116
397,1028
398,269
398,390
398,1605
398,471
398,941
398,1046
398,121
398,290
398,1039
398,176
399,1239
399,514
399,1458
399,1532
399,1502
399,21
399,718
399,1304
399,153
399,1387
400,1714
400,977
400,1106
400,1174
400,1063
400,1542
400,750
400,984
400,64
401,1318
401,21
401,666
401,1691
401,1406
401,956
401,404
401,1138
402,1367
402,26
402,727
402,1623
402,1449
402,1455
402,1024
402,300
402,1208
402,1546
403,1286
403,14
403,350
403,828
403,967
403,487
403,64
403,323
404,44
404,1241
404,1078
404,713
404,103
404,1140
404,538
405,804
405,1156
405,1123
405,1610
405,163
406,1547
406,125
406,1538
406,63
406,1039
406,75
406,985
406,546
407,256
407,1729
407,234
407,58
407,1454
408,1414
408,1211
408,194
408,722
408,802
408,1184
409,1137
409,469
409,348
409,529
409,215
409,1380
409,1429
409,1347
409,92
409,908
410,1684
410,536
410,301
410,503
410,1685
410,907
411,1581
411,417
411,1440
411,743
411,980
411,1351
411,985
411,1326
411,1309
411,1513
412,1111
412,789
412,855
412,564
412,577
412,73
412,803
412,1710
412,1705
412,1414
413,631
413,401
413,1311
413,1634
413,1229
413,791
413,1382
414,1098
414,268
414,488
414,1473
414,1267
414,1267
414,1447
415,1470
415,523
415,874
415,1335
415,744
415,1145
415,870
415,470
416,900
416,842
416,926
416,923
416,337
416,60
416,1213
416,839
416,763
417,1372
417,1687
417,503
417,467
417,1183
417,807
418,1671
418,63
418,278
418,1126
418,1084
419,1120
419,1439
419,31
419,1321
419,1562
419,179
419,52
419,119
419,854
420,1057
420,1059
420,122
420,1551
420,1436
420,756
420,22
421,579
421,1154
421,576
421,1312
421,1282
421,1549
422,1442
422,151
422,534
422,1286
422,1186
422,1151
423,712
423,300
423,1691
423,44
423,1468
423,1374
423,901
423,797
423,1388
423,4
424,146
424,1420
424,1634
424,1654
424,1257
424,976
424,832
425,1081
425,1368
425,1326
425,1332
425,267
425,507
425,574
425,104
425,1572
426,1340
426,1601
426,847
426,12
426,494
426,1484
426,1291
426,1384
427,541
427,485
427,358
427,1351
427,1044
427,1507
427,306
427,237
428,1709
428,1703
428,1019
428,254
428,500
428,286
429,1373
429,1385
429,1234
429,1698
429,794
429,178
429,857
430,1165
430,1493
430,1605
430,846
430,1127
431,658
431,1027
431,1617
431,1056
431,896
431,44
431,206
431,1106
431,307
431,904
432,1247
432,601
432,1141
432,1401
432,415
432,1345
432,203
432,1061
432,984
432,1499
433,1239
433,1147
433,1338
433,754
433,1173
433,1435
434,1443
434,1209
434,416
434,218
434,299
435,1179
435,1449
435,140
435,1
435,512
435,1212
435,953
435,870
435,802
435,454
436,1001
436,632
436,1461
436,46
436,692
437,1254
437,205
437,506
437,593
437,1384
438,1122
438,1162
438,1329
438,1733
438,292
438,18
438,1483
438,1478
438,411
438,196
439,223
439,89
439,735
439,1599
439,1357
439,75
439,160
440,766
440,958
440,886
440,1613
440,987
440,1260
440,948
440,641
440,505
441,1081
441,1317
441,1569
441,1350
441,1715
441,1209
441,1076
441,838
441,1023
441,458
442,14
442,258
442,1089
442,1268
442,1271
442,1287
442,1050
443,1087
443,775
443,1399
443,668
443,149
444,101
444,1006
444,222
444,866
444,708
445,816
445,102
445,1544
445,1010
445,1625
446,860
446,404
446,143
446,1591
446,1540
446,897
446,1207
446,1714
446,1683
447,298
447,1594
447,1404
447,91
447,1694
447,705
447,530
448,652
448,107
448,22
448,579
448,996
448,552
448,75
448,551
448,1091
449,1024
449,252
449,522
449,128
449,1000
449,1622
449,1709
449,1698
449,1574
449,549
450,591
450,384
450,28
450,1229
450,1414
451,131
451,1654
451,1227
451,1533
451,385
451,1527
452,127
452,369
452,901
452,816
452,1136
452,802
452,1187
452,1580
453,350
453,1013
453,761
453,1167
453,1676
453,109
453,1520
453,1159
453,1418
454,1526
454,1705
454,237
454,334
454,859
454,630
454,803
455,1151
455,862
455,436
455,1469
455,1733
455,320
455,1240
455,1561
455,955
456,520
456,539
456,368
456,834
456,1202
456,1525
456,1604
456,1557
457,1660
457,588
457,607
457,1654
457,1326
457,1102
458,577
458,640
458,675
458,966
458,1696
458,1299
458,1414
458,111
458,1583
459,537
459,1628
459,269
459,317
459,1218
459,760
459,848
459,890
459,948
460,1295
460,86
460,993
460,1359
460,454
460,561
460,1000
460,1582
460,1641
460,1429
461,1076
461,990
461,1173
461,1437
461,399
461,396
461,870
461,508
462,337
462,948
462,1507
462,437
462,807
462,429
462,26
462,645
463,618
463,452
463,875
463,867
463,275
464,1657
464,381
464,1545
464,1450
464,1635
465,1443
465,802
465,346
465,890
465,1379
465,495
465,1502
465,1222
465,211
465,1716
466,1114
466,562
466,1732
466,666
466,358
467,1504
467,841
467,288
467,1120
467,1716
467,424
468,1516
468,418
468,1679
468,787
468,428
468,857
468,1217
469,1585
469,1026
469,1174
469,1416
469,995
469,511
470,25
470,214
470,1603
470,672
470,1151
470,596
470,1040
470,699
470,1281
471,841
471,1439
471,133
471,269
471,1422
471,472
471,1256
471,1453
471,95
472,401
472,1481
472,1252
472,26
472,1055
472,609
473,1701
473,274
473,1705
473,367
473,319
473,1150
473,654
473,620
474,1673
474,760
474,1684
474,855
474,649
474,1407
474,480
474,5
474,477
474,320
475,534
475,877
475,1528
475,1086
475,1153
475,1300
475,729
475,316
476,54
476,1018
476,1362
476,1141
476,656
476,1104
476,38
476,156
477,1281
477,810
477,157
477,1237
477,602
477,1302
477,786
477,183
478,1414
478,235
478,1713
478,163
478,805
478,1586
478,1322
478,1424
478,1534
478,407
479,874
479,1627
479,200
479,186
479,89
479,242
479,1084
479,984
479,861
480,1098
480,862
480,1059
480,575
480,986
480,361
480,1141
481,1327
481,1255
481,687
481,1187
481,305
482,1236
482,1147
482,1367
482,338
482,1557
483,1343
483,613
483,782
483,195
483,325
483,1269
484,449
484,765
484,590
484,1422
484,1729
485,471
485,1628
485,696
485,1215
485,686
485,735
485,1665
485,1119
485,659
485,1437
486,385
486,106
486,1452
486,994
486,888
487,1364
487,1605
487,120
487,340
487,449
487,1710
487,1416
487,590
488,1647
488,1712
488,657
488,1321
488,1066
488,960
488,989
489,201
489,817
489,867
489,119
489,1457
489,1134
489,1
489,855
489,787
490,1031
490,1225
490,737
490,1408
490,272
490,70
491,776
491,1616
491,1668
491,1286
491,189
491,1267
491,912
491,1098
492,1717
492,952
492,321
492,964
492,917
492,1501
492,1250
492,423
493,1535
493,1349
493,1159
493,436
493,1686
493,238
493,556
494,1558
494,602
494,1494
494,1476
494,310
494,195
494,1530
495,255
495,411
495,565
495,165
495,376
495,1277
495,379
495,437
495,493
496,905
496,556
496,203
496,71
496,1137
496,763
497,413
497,1102
497,357
497,1328
497,869
497,1213
497,369
497,212
497,1103
498,73
498,1525
498,71
498,340
498,571
498,1244
498,817
498,1148
498,20
499,339
499,1703
499,864
499,1683
499,848
499,1554
499,786
499,548
499,1708
499,1387
500,57
500,1272
500,1415
500,676
500,1041
500,713
500,1620
500,1202
500,332
500,895
501,285
501,1470
501,1245
501,35
501,188
501,1363
501,527
501,249
502,1408
502,1296
502,108
502,553
502,1210
502,1543
502,1410
502,1713
502,970
502,380
503,1695
503,1402
503,11
503,10
503,1277
504,904
504,1397
504,1122
504,1016
504,1667
504,1150
504,870
504,371
505,236
505,367
505,989
505,1459
505,642
506,587
506,1143
506,1394
506,1726
506,1586
506,291
506,970
506,468
507,411
507,516
507,640
507,596
507,1118
507,538
507,105
507,720
507,1090
508,20
508,536
508,1
508,1172
508,1248
508,908
508,920
509,512
509,575
509,1150
509,887
509,416
510,973
510,1704
510,1347
510,893
510,1290
510,1532
510,1286
511,744
511,1054
511,1602
511,452
511,1254
511,1574
511,242
511,1439
512,678
512,980
512,991
512,852
512,177
512,1128
512,735
512,598
512,908
513,1457
513,133
513,1668
513,18
513,381
513,965
513,1723
513,1386
513,1176
514,924
514,580
514,1044
514,327
514,965
514,1018
514,527
514,1611
515,1552
515,377
515,931
515,366
515,1291
515,331
515,181
515,393
516,139
516,647
516,816
516,1317
516,503
516,346
516,292
516,1680
516,1664
516,865
517,1255
517,927
517,1459
517,956
517,159
517,3
518,1314
518,114
518,1565
518,1289
518,734
518,384
518,266
519,1547
519,1375
519,293
519,1107
519,1159
520,134
520,114
520,1487
520,1333
520,792
520,38
520,49
521,825
521,788
521,20
521,4
521,546
521,1201
521,1124
521,1067
521,1571
521,621
522,697
522,791
522,1114
522,1680
522,648
522,833
522,1644
522,403
522,1413
522,1547
523,1
523,1598
523,978
523,660
523,1687
523,188
524,1277
524,231
524,1300
524,626
524,486
524,193
525,1467
525,1498
525,661
525,1240
525,1527
525,204
525,402
525,1081
525,662
526,759
526,1681
526,1240
526,498
526,1157
526,1375
526,792
526,111
527,344
527,705
527,709
527,1172
527,214
527,111
527,442
527,62
527,428
528,122
528,647
528,802
528,384
528,1127
528,378
528,1440
528,1282
528,873
529,379
529,268
529,1648
529,1195
529,912
529,1611
529,1509
529,807
529,1489
530,302
530,974
530,888
530,718
530,807
530,795
530,337
530,151
530,674
530,1140
531,1217
531,1302
531,1137
531,393
531,841
532,1379
532,735
532,1472
532,274
532,845
532,447
533,475
533,265
533,154
533,181
533,1081
533,1264
533,1317
533,110
533,1233
533,533
534,1074
534,293
534,600
534,1018
534,298
534,1145
534,404
534,1102
535,1199
535,974
535,1466
535,549
535,347
535,423
535,1430
536,12
536,1315
536,549
536,596
536,1252
536,645
536,1396
536,26
536,395
536,1288
537,91
537,888
537,1287
537,1644
537,1250
537,612
537,1270
537,1509
537,1374
538,862
538,84
538,1270
538,503
538,907
538,223
538,52
538,1319
538,358
539,1465
539,1635
539,1595
539,506
539,1289
539,1046
539,188
539,119
540,927
540,988
540,922
540,869
540,384
540,902
540,228
540,110
540,1331
540,1131
541,1398
541,1144
541,299
541,181
541,1440
541,195
541,1114
541,948
541,1257
541,337
542,686
542,56
542,1396
542,685
542,900
542,1669
542,988
542,1699
543,428
543,1508
543,1029
543,1261
543,1306
543,546
543,1630
543,1117
543,1071
544,776
544,897
544,490
544,815
544,1235
544,853
544,1444
544,897
544,399
544,1025
545,23
545,1076
545,92
545,717
545,877
546,977
546,795
546,604
546,220
546,278
546,41
546,733
547,881
547,1322
547,1578
547,1538
547,86
547,1662
547,854
547,923
547,1717
548,845
548,1194
548,1041
548,992
548,698
548,1609
548,1347
549,1165
549,931
549,122
549,1219
549,823
549,296
549,1452
549,1099
549,163
549,258
550,1416
550,454
550,1484
550,1318
550,1453
550,1493
550,278
550,1055
550,105
551,350
551,1082
551,1308
551,860
551,397
552,905
552,1368
552,950
552,1334
552,358
552,1597
552,737
552,1683
553,28
553,1661
553,1345
553,1662
553,1533
553,1518
554,1621
554,194
554,1461
554,520
554,639
554,125
554,938
554,110
554,1699
555,245
555,1388
555,92
555,343
555,329
555,1573
555,99
556,302
556,718
556,1436
556,476
556,384
556,861
556,1732
557,634
557,1349
557,682
557,311
557,70
558,931
558,10
558,373
558,821
558,1490
558,1002
559,1037
559,1550
559,1451
559,1491
559,1620
559,1069
559,1729
559,95
559,1616
559,1505
560,1233
560,456
560,929
560,723
560,286
560,1264
561,1652
561,812
561,793
561,77
561,27
561,1711
561,1
562,978
562,881
562,482
562,1582
562,78
562,599
562,1271
562,1503
562,773
562,727
563,975
563,1178
563,396
563,1270
563,1398
563,741
564,1572
564,1001
564,1331
564,361
564,209
564,424
564,1620
564,1145
565,1139
565,460
565,534
565,492
565,642
566,1729
566,1219
566,1134
566,1320
566,970
566,148
566,74
567,153
567,926
567,1103
567,1066
567,1216
567,965
567,1581
567,1629
567,177
567,925
568,1113
568,1520
568,460
568,573
568,68
568,1002
568,1629
568,391
569,1468
569,1682
569,1237
569,1500
569,394
569,547
569,66
569,1650
569,235
570,1121
570,227
570,1632
570,1315
570,231
570,1317
570,285
571,686
571,971
571,387
571,449
571,1379
571,11
571,37
572,1161
572,1335
572,353
572,1126
572,1734
572,1078
572,1330
572,1164
572,1409
572,397
573,767
573,1633
573,1111
573,1511
573,1033
573,810
573,345
574,1287
574,652
574,1737
574,1187
574,1267
574,1633
574,1212
575,1613
575,590
575,180
575,463
575,723
575,1671
575,1573
575,1302
575,623
576,667
576,1089
576,1283
576,1720
576,399
577,1506
577,1391
577,915
577,1719
577,513
577,932
577,1106
577,714
577,1399
577,177
578,1537
578,345
578,908
578,804
578,629
578,1403
579,61
579,259
579,373
579,891
579,1450
579,576
579,1050
579,225
579,1336
579,540
580,1548
580,972
580,1149
580,988
580,1229
580,1599
580,379
580,896
580,944
581,984
581,334
581,1455
581,851
581,1144
581,821
581,82
581,1236
582,1544
582,1414
582,305
582,1420
582,296
582,1663
582,616
582,267
582,1107
582,1153
583,169
583,1015
583,791
583,1282
583,411
584,473
584,1266
584,376
584,395
584,479
584,1542
584,1512
584,758
585,1535
585,1432
585,1304
585,856
585,77
585,117
585,317
586,110
586,946
586,457
586,1359
586,1265
586,1193
586,1250
587,764
587,983
587,755
587,719
587,1698
588,1347
588,1326
588,1623
588,1392
588,1296
588,218
588,560
589,171
589,279
589,470
589,884
589,1267
589,1416
589,1292
590,388
590,925
590,913
590,492
590,863
590,1448
591,1640
591,1622
591,906
591,1095
591,1065
591,89
591,787
591,1278
592,1576
592,1507
592,1257
592,1155
592,1264
592,118
592,881
592,560
592,358
593,489
593,1361
593,1679
593,1269
593,766
593,1428
593,474
593,176
593,749
593,1623
594,1669
594,1228
594,1656
594,595
594,994
594,1152
594,384
594,1003
595,287
595,1181
595,38
595,1691
595,1247
596,577
596,1217
596,1342
596,367
596,612
596,1352
596,1555
596,747
597,119
597,1171
597,54
597,891
597,1276
597,297
598,1
598,1057
598,1622
598,1516
598,709
598,321
598,1618
598,1691
598,856
598,1295
599,1172
599,553
599,845
599,93
599,1574
599,1177
600,906
600,701
600,1433
600,1263
600,799
600,422
600,1417
600,973
600,1428
601,736
601,1110
601,567
601,644
601,651
601,1355
601,565
601,1500
601,11
601,901
602,860
602,777
602,431
602,1620
602,788
603,514
603,1705
603,627
603,452
603,1330
603,1078
603,257
603,542
603,1098
604,352
604,116
604,1111
604,1634
604,406
604,65
604,1085
604,1584
604,992
605,1645
605,732
605,702
605,1723
605,386
605,560
605,1167
605,1714
605,1679
605,548
606,18
606,785
606,101
606,603
606,645
606,986
606,1194
606,758
606,470
606,678
607,254
607,1642
607,789
607,1054
607,1552
607,1313
607,314
607,891
607,399
607,546
608,550
608,422
608,1421
608,1438
608,1690
608,312
609,77
609,1622
609,1634
609,596
609,115
610,775
610,667
610,20
610,1384
610,374
611,1008
611,1675
611,771
611,757
611,678
611,406
611,554
611,1644
612,1563
612,888
612,1333
612,431
612,1319
612,1431
612,551
612,1494
612,989
613,1480
613,1194
613,1447
613,1261
613,725
613,1204
613,1339
613,1143
613,80
613,841
614,1255
614,64
614,26
614,1326
614,435
614,1713
614,284
614,964
615,1212
615,192
615,1
615,497
615,1465
615,797
615,1581
616,408
616,769
616,1552
616,263
616,312
616,930
617,193
617,807
617,1718
617,1499
617,1040
618,1661
618,1108
618,877
618,1099
618,1176
618,1129
618,539
618,781
618,433
619,116
619,323
619,1552
619,898
619,689
619,935
619,257
619,1186
619,396
620,428
620,572
620,482
620,4
620,490
620,487
620,772
620,54
620,604
620,231
621,1525
621,976
621,770
621,1264
621,230
621,201
621,1719
621,1133
621,245
622,1325
622,567
622,1651
622,468
622,367
623,750
623,847
623,276
623,1702
623,930
623,891
623,768
623,11
623,918
623,1567
624,749
624,1020
624,1330
624,919
624,530
624,1456
625,172
625,1358
625,560
625,1298
625,383
625,903
625,1368
626,1162
626,1373
626,1108
626,842
626,1474
626,1005
626,103
626,152
627,1225
627,1080
627,1153
627,1095
627,652
627,1530
627,898
627,1073
628,1317
628,94
628,965
628,810
628,770
628,282
628,815
629,52
629,444
629,847
629,928
629,910
629,337
630,200
630,2
630,948
630,939
630,1310
630,630
630,1003
630,12
630,427
630,687
631,807
631,360
631,841
631,297
631,1270
631,883
631,1698
631,708
632,221
632,1138
632,718
632,996
632,1059
632,1397
632,5
632,160
632,1604
632,884
633,927
633,1414
633,1622
633,1151
633,437
633,930
633,1326
633,1664
633,785
634,1041
634,1572
634,939
634,1414
634,388
635,288
635,1701
635,22
635,318
635,456
635,689
636,1329
636,1035
636,71
636,1240
636,1168
636,344
636,486
637,589
637,1153
637,1466
637,440
637,535
637,1009
637,482
638,997
638,596
638,1369
638,795
638,1283
638,8
638,212
638,1198
638,1470
638,1677
639,238
639,385
639,1383
639,530
639,1038
639,1273
639,1313
639,73
640,1209
640,1425
640,476
640,1507
640,1065
640,592
640,852
641,500
641,314
641,12
641,488
641,144
641,1732
641,770
642,652
642,750
642,491
642,444
642,1338
642,805
642,1158
642,1396
642,875
643,1659
643,113
643,1442
643,846
643,902
643,1046
643,931
643,182
644,739
644,271
644,1465
644,1571
644,524
644,147
644,1265
644,344
644,1333
645,1557
645,1160
645,127
645,949
645,804
646,224
646,1220
646,93
646,19
646,154
646,943
646,1549
647,870
647,85
647,624
647,1706
647,124
647,302
647,546
647,1061
647,122
648,104
648,18
648,498
648,959
648,842
648,988
648,458
648,431
649,267
649,1433
649,98
649,1123
649,453
649,246
649,1716
649,1041
649,777
649,146
650,544
650,514
650,214
650,125
650,1074
651,751
651,427
651,1581
651,1160
651,65
651,459
651,1694
652,1078
652,698
652,1508
652,94
652,1651
653,1203
653,881
653,197
653,1366
653,1456
653,435
653,187
654,1006
654,518
654,1497
654,1354
654,1699
654,585
654,749
654,1283
654,1561
655,566
655,353
655,406
655,256
655,1171
655,784
655,519
656,516
656,1213
656,110
656,1209
656,275
656,530
656,968
656,1205
656,1575
657,742
657,1377
657,1650
657,382
657,76
657,415
657,717
658,513
658,993
658,1647
658,819
658,1676
658,106
658,1493
659,1031
659,669
659,815
659,195
659,495
659,32
660,1497
660,1332
660,707
660,523
660,497
660,1
660,173
660,1452
661,1618
661,963
661,1090
661,1000
661,1157
661,1729
661,489
661,565
662,1087
662,441
662,562
662,99
662,1173
662,547
662,1173
663,1104
663,1633
663,542
663,348
663,807
663,11
663,128
663,902
663,448
663,408
664,781
664,1555
664,569
664,796
664,1308
664,979
664,264
665,1335
665,1170
665,1215
665,1135
665,1452
665,1699
665,1136
666,417
666,193
666,287
666,161
666,1413
666,968
666,1379
667,366
667,195
667,721
667,315
667,923
667,194
667,837
668,1105
668,283
668,652
668,77
668,170
669,348
669,462
669,1437
669,247
669,1596
669,200
669,1454
669,471
670,1634
670,1174
670,1006
670,51
670,177
670,389
670,1653
671,160
671,63
671,71
671,493
671,1157
672,141
672,947
672,1210
672,292
672,814
673,1019
673,882
673,1104
673,1399
673,337
673,143
673,1099
673,1003
674,807
674,1215
674,990
674,41
674,1041
675,661
675,196
675,392
675,641
675,1229
675,1719
675,1496
675,1230
675,261
676,1116
676,1005
676,1387
676,1087
676,1044
676,791
677,1714
677,127
677,66
677,20
677,286
677,882
677,833
677,402
678,416
678,227
678,1067
678,1087
678,960
678,1313
678,479
678,188
678,73
678,264
679,1398
679,58
679,1315
679,321
679,796
679,718
679,193
680,1211
680,743
680,1545
680,416
680,69
680,306
680,1296
680,1210
680,254
680,1428
681,1664
681,1133
681,1174
681,72
681,74
681,1611
681,1115
681,510
681,1099
681,1490
682,719
682,1501
682,1496
682,166
682,162
682,1194
682,1653
683,337
683,211
683,1452
683,115
683,631
683,1161
683,20
684,373
684,587
684,1637
684,994
684,1076
684,653
684,289
685,228
685,349
685,201
685,1430
685,1095
685,289
685,363
686,897
686,503
686,208
686,1631
686,361
686,1167
686,1335
686,983
686,1170
686,412
687,946
687,187
687,1590
687,716
687,1261
687,547
687,1129
687,1476
688,1398
688,599
688,685
688,444
688,652
688,248
689,1374
689,1229
689,1449
689,1326
689,938
689,449
689,728
689,1459
689,510
689,753
690,1
690,1699
690,1322
690,1025
690,290
690,1091
691,1014
691,1710
691,334
691,1079
691,386
691,1488
691,321
692,221
692,1567
692,74
692,204
692,20
692,395
692,133
693,252
693,119
693,175
693,1065
693,859
693,512
693,426
694,97
694,652
694,402
694,852
694,1626
694,1103
694,19
694,300
695,1591
695,514
695,166
695,1241
695,1449
695,80
695,533
695,540
695,1248
695,611
696,1174
696,1455
696,298
696,1557
696,1332
696,1390
696,1539
696,1279
697,1176
697,1526
697,160
697,796
697,1272
697,1304
697,1046
697,689
698,1209
698,1062
698,1050
698,34
698,694
699,892
699,706
699,1117
699,1366
699,469
699,510
699,98
699,524
699,1292
699,261
700,1521
700,1133
700,188
700,1444
700,919
700,669
701,605
701,143
701,80
701,264
701,580
701,1171
701,726
702,1178
702,685
702,1618
702,710
702,1424
702,1666
702,1063
703,554
703,1012
703,713
703,1199
703,871
703,237
703,1446
703,709
703,1587
704,1154
704,758
704,1297
704,1636
704,1509
704,893
704,1569
704,1401
704,248
705,882
705,516
705,451
705,1416
705,422
705,325
705,444
705,1438
706,1117
706,1573
706,635
706,1106
706,1229
706,292
706,1546
707,7
707,295
707,1624
707,1695
707,1286
707,471
707,964
708,860
708,73
708,949
708,745
708,1140
708,1328
708,1194
709,452
709,1333
709,119
709,608
709,1059
709,1239
710,797
710,1735
710,123
710,735
710,1421
710,1261
710,1723
710,95
710,946
711,1102
711,274
711,449
711,397
711,220
711,1178
711,819
712,166
712,999
712,724
712,834
712,1063
712,1277
712,595
712,529
712,40
712,941
713,277
713,21
713,1295
713,1572
713,1
713,956
713,439
713,404
714,1550
714,1026
714,313
714,1439
714,158
714,1138
714,39
714,1050
715,399
715,789
715,160
715,956
715,803
715,627
715,1574
715,656
716,403
716,638
716,514
716,75
716,444
716,1278
716,167
716,773
717,98
717,15
717,1347
717,447
717,62
717,598
718,1620
718,1673
718,1668
718,1712
718,14
718,857
718,1560
718,1484
718,759
719,73
719,757
719,121
719,414
719,1727
719,970
719,1023
719,1371
719,861
720,697
720,704
720,1112
720,1196
720,669
720,705
720,1479
720,497
721,612
721,1682
721,1456
721,1078
721,679
721,350
721,272
721,1387
722,14
722,1499
722,57
722,1720
722,1604
722,1223
723,896
723,206
723,954
723,925
723,1694
723,381
723,1014
724,95
724,829
724,1495
724,66
724,1
724,414
724,763
724,818
724,1296
724,1473
725,38
725,1042
725,1455
725,444
725,1333
725,1561
725,1405
725,380
725,1422
725,1549
726,1217
726,864
726,1356
726,1701
726,1122
726,309
726,1076
726,1236
727,473
727,194
727,801
727,671
727,1611
727,778
727,1562
727,1713
727,917
728,970
728,89
728,1189
728,871
728,1612
728,1358
728,975
728,179
728,155
728,1349
729,853
729,987
729,798
729,113
729,189
729,839
729,147
729,1
729,1682
730,449
730,257
730,451
730,1001
730,347
731,1115
731,377
731,932
731,1069
731,1271
731,311
732,825
732,1720
732,1516
732,149
732,451
732,786
733,43
733,267
733,876
733,738
733,187
733,1502
733,917
734,706
734,1621
734,1158
734,1593
734,1673
734,267
734,1396
735,506
735,1146
735,1594
735,645
735,321
735,1614
735,488
735,1110
736,1108
736,703
736,767
736,605
736,1323
737,836
737,643
737,1187
737,139
737,722
737,1106
737,917
738,632
738,1455
738,1014
738,648
738,38
738,1076
738,835
738,573
738,735
739,120
739,1485
739,1315
739,654
739,350
739,866
740,1316
740,718
740,1354
740,1129
740,1414
740,1568
740,1006
740,1028
740,1658
740,523
741,393
741,986
741,1588
741,226
741,1319
741,758
742,1119
742,1595
742,232
742,344
742,1337
742,1543
742,666
742,616
742,622
742,579
743,294
743,128
743,1434
743,443
743,1114
744,1675
744,941
744,564
744,403
744,762
744,1505
744,1290
744,823
744,599
744,445
745,1707
745,733
745,1428
745,969
745,385
745,1403
745,599
745,1427
745,1137
745,1039
746,1595
746,1638
746,1031
746,384
746,1160
746,970
746,270
746,1410
746,8
747,794
747,1281
747,823
747,298
747,458
747,772
748,866
748,1534
748,1619
748,1340
748,1598
748,917
749,887
749,1683
749,802
749,1169
749,1337
749,401
749,290
749,484
749,1011
749,1061
750,1575
750,1190
750,1338
750,9
750,1694
750,487
750,1634
750,1007
750,929
750,1260
751,484
751,529
751,1553
751,590
751,190
752,1703
752,1596
752,1502
752,1165
752,898
752,1450
752,1253
752,1149
753,1339
753,102
753,653
753,1504
753,1149
753,562
753,1629
754,1197
754,106
754,274
754,789
754,1596
754,188
755,1606
755,1127
755,1528
755,1714
755,753
755,1531
755,650
755,529
755,1206
756,211
756,1013
756,711
756,1281
756,1539
757,355
757,970
757,1713
757,205
757,1004
757,1703
757,1296
757,244
757,69
758,977
758,417
758,1616
758,113
758,164
758,1618
758,1242
759,693
759,769
759,719
759,703
759,292
759,795
760,477
760,31
760,679
760,1696
760,537
760,381
760,1566
760,229
761,100
761,1256
761,547
761,1014
761,1225
761,1705
761,1528
761,393
762,344
762,63
762,1137
762,940
762,1426
762,1558
762,1141
762,1596
762,1688
762,1202
763,1287
763,146
763,643
763,619
763,588
763,1570
763,499
763,852
763,495
763,816
764,1262
764,1293
764,749
764,88
764,1595
764,1605
764,1386
764,1452
764,803
764,97
765,849
765,294
765,582
765,1138
765,747
765,1096
765,333
765,395
766,201
766,406
766,219
766,405
766,60
766,237
767,1403
767,622
767,659
767,86
767,1303
767,480
768,900
768,1222
768,587
768,1132
768,675
768,411
768,480
768,857
768,1708
769,1426
769,1031
769,1529
769,1028
769,351
769,758
769,1295
769,1117
769,55
770,52
770,422
770,412
770,1299
770,445
771,295
771,586
771,1155
771,429
771,1605
771,926
771,145
771,75
772,1611
772,946
772,1194
772,896
772,56
772,1716
773,752
773,938
773,1543
773,637
773,1119
773,941
773,1288
773,1441
773,398
774,458
774,1703
774,324
774,351
774,959
774,1273
775,744
775,418
775,1395
775,1599
775,49
775,674
775,683
776,727
776,1639
776,1498
776,879
776,8
776,1111
776,189
777,29
777,1043
777,470
777,422
777,763
777,1487
778,580
778,628
778,684
778,994
778,231
778,700
778,1515
778,804
779,990
779,1305
779,1136
779,399
779,584
779,3
779,743
779,1268
779,1104
779,511
780,1001
780,1618
780,1474
780,1385
780,842
780,1381
780,872
780,1626
780,1110
780,152
781,185
781,1008
781,257
781,1367
781,546
782,1093
782,538
782,980
782,288
782,1187
782,664
782,927
782,718
783,1041
783,1712
783,163
783,1672
783,155
783,1253
783,1449
783,1109
783,682
784,987
784,173
784,1455
784,819
784,584
785,408
785,1708
785,307
785,1615
785,656
785,1176
786,829
786,1263
786,895
786,1579
786,948
786,403
786,1693
786,747
787,388
787,622
787,1542
787,330
787,54
787,518
788,1142
788,1119
788,321
788,1362
788,10
788,1414
788,1635
788,1106
788,1350
788,655
789,1189
789,1715
789,708
789,1032
789,1643
789,679
789,587
789,451
790,1672
790,866
790,1488
790,876
790,424
790,717
790,90
791,1718
791,4
791,1093
791,822
791,1198
791,691
792,1355
792,375
792,1181
792,40
792,903
792,876
793,1
793,546
793,1537
793,124
793,216
793,526
793,42
793,563
793,1720
793,80
794,1667
794,1487
794,687
794,1008
794,308
794,473
794,1051
795,929
795,1672
795,1720
795,1691
795,43
795,1221
795,1092
796,1377
796,789
796,321
796,51
796,399
797,1352
797,758
797,292
797,1705
797,1268
797,236
797,1236
797,824
797,1319
797,1161
798,191
798,89
798,400
798,1185
798,1649
798,359
798,675
798,167
799,910
799,74
799,799
799,1225
799,139
799,439
799,944
800,1417
800,140
800,1360
800,1523
800,1581
800,694
801,619
801,26
801,1143
801,762
801,239
801,178
801,1151
801,1010
802,841
802,487
802,1543
802,1641
802,1479
802,1111
802,437
803,1726
803,184
803,718
803,860
803,1609
803,926
803,86
803,1283
803,1082
803,1280
804,532
804,921
804,1338
804,1174
804,1440
804,866
805,1477
805,473
805,921
805,1061
805,1138
806,242
806,1640
806,1091
806,1361
806,1140
806,436
806,971
806,207
806,1443
807,148
807,919
807,860
807,229
807,399
807,925
807,759
807,1085
808,1595
808,491
808,943
808,1145
808,1078
809,195
809,20
809,145
809,72
809,599
810,929
810,1559
810,207
810,1336
810,1685
810,92
810,1190
810,1734
811,1323
811,129
811,1535
811,878
811,639
811,1425
811,1353
812,1711
812,1679
812,1122
812,984
812,824
812,1383
812,357
812,265
812,20
812,1560
813,242
813,291
813,386
813,1577
813,728
813,871
813,401
813,247
813,390
814,553
814,205
814,1398
814,1160
814,461
814,1325
815,984
815,451
815,779
815,1115
815,1128
815,1214
815,390
815,249
815,224
815,741
816,957
816,36
816,546
816,514
816,1320
816,1414
816,1603
816,709
816,897
817,176
817,487
817,1281
817,374
817,1364
817,1331
817,434
817,168
817,663
817,756
818,589
818,752
818,837
818,1274
818,1694
818,1263
818,1487
818,1394
818,977
818,542
819,1474
819,88
819,1395
819,1422
819,943
819,87
819,208
819,1290
819,1089
819,382
820,1438
820,106
820,1173
820,1400
820,1671
820,478
820,729
821,1293
821,137
821,387
821,89
821,1042
821,701
821,174
822,1639
822,195
822,1276
822,1517
822,12
822,837
822,259
822,1005
822,486
822,1017
823,964
823,73
823,784
823,125
823,1376
823,1416
824,17
824,1172
824,1626
824,1312
824,871
824,1222
824,1153
825,612
825,1233
825,966
825,27
825,1180
825,1650
825,701
825,1379
826,664
826,261
826,467
826,1687
826,407
826,837
826,941
826,628
826,1323
826,305
827,1127
827,1332
827,1111
827,542
827,1680
827,1452
827,791
827,853
827,813
827,790
828,867
828,718
828,299
828,900
828,352
828,370
828,169
828,21
829,883
829,788
829,1121
829,401
829,1604
829,1459
830,1313
830,536
830,1658
830,733
830,1534
831,1465
831,209
831,1218
831,920
831,351
832,1218
832,1259
832,1010
832,533
832,1339
832,381
833,346
833,753
833,904
833,1682
833,258
833,1291
834,1333
834,710
834,1709
834,1520
834,563
834,1455
834,746
834,837
835,620
835,448
835,1524
835,582
835,1037
835,1638
835,1146
836,975
836,505
836,983
836,658
836,1584
836,1295
836,1414
836,1289
837,411
837,1433
837,1503
837,1088
837,777
838,1350
838,1638
838,525
838,951
838,961
839,22
839,1579
839,617
839,814
839,550
840,1267
840,911
840,628
840,1152
840,1459
840,110
840,1543
840,897
840,1587
841,807
841,1707
841,819
841,183
841,907
842,1000
842,1524
842,586
842,875
842,1098
842,718
843,829
843,1468
843,533
843,652
843,1551
843,655
843,717
843,922
844,53
844,1026
844,59
844,543
844,1683
844,619
845,392
845,1261
845,97
845,674
845,1597
845,1694
846,1067
846,1682
846,1335
846,1595
846,994
846,161
846,874
846,72
846,916
846,126
847,52
847,1019
847,1368
847,191
847,1502
848,1639
848,478
848,716
848,1632
848,959
848,528
848,917
849,1557
849,1450
849,1408
849,741
849,420
850,385
850,317
850,1340
850,648
850,1125
850,815
850,870
850,1729
850,1360
850,806
851,1470
851,289
851,73
851,601
851,288
851,956
851,1099
851,853
851,628
852,1421
852,1264
852,1557
852,1488
852,1093
852,1288
852,872
852,739
852,1403
853,934
853,141
853,175
853,399
853,677
853,1536
854,9
854,735
854,321
854,132
854,1693
854,285
854,839
854,1094
855,25
855,528
855,542
855,1676
855,1104
856,1157
856,1350
856,217
856,819
856,1361
856,1408
856,606
856,881
856,88
857,1478
857,338
857,1211
857,1322
857,504
857,1469
857,252
857,983
858,445
858,1680
858,1445
858,515
858,197
858,840
858,1386
858,1324
859,1730
859,1703
859,130
859,1360
859,760
860,1505
860,1421
860,694
860,1440
860,693
860,540
860,1321
861,1152
861,99
861,1201
861,1206
861,1165
861,1575
861,1665
862,762
862,1491
862,1049
862,988
862,557
863,1655
863,481
863,43
863,13
863,1439
863,452
863,619
864,590
864,1191
864,668
864,1670
864,1103
864,1351
864,85
865,731
865,654
865,1092
865,1455
865,1480
865,1479
865,81
865,754
865,62
865,892
866,250
866,598
866,1055
866,242
866,408
867,613
867,1291
867,1728
867,1054
867,1681
867,263
868,1103
868,1664
868,789
868,31
868,1078
868,917
869,345
869,384
869,1517
869,477
869,1486
869,1296
869,520
869,1714
869,1253
869,1633
870,412
870,764
870,909
870,1460
870,291
870,933
870,122
870,1002
871,880
871,689
871,1140
871,259
871,150
871,969
871,1684
871,125
871,1453
871,1312
872,404
872,545
872,953
872,1317
872,465
872,846
872,685
872,228
872,1243
872,1013
873,357
873,1273
873,1046
873,1244
873,1272
874,1275
874,350
874,202
874,247
874,1579
874,496
874,1545
874,1066
875,386
875,351
875,449
875,1325
875,1656
875,1411
876,565
876,1367
876,890
876,1731
876,864
876,219
877,70
877,267
877,30
877,881
877,1369
877,732
878,942
878,1047
878,1677
878,511
878,1639
878,1054
879,1429
879,420
879,91
879,267
879,1687
880,1328
880,1435
880,398
880,843
880,568
880,211
880,1286
880,219
880,1714
881,654
881,721
881,359
881,960
881,1085
881,1216
882,1676
882,1555
882,1053
882,1069
882,1495
882,542
882,1224
882,1631
882,915
882,1497
883,901
883,52
883,1175
883,1498
883,664
883,1345
884,13
884,335
884,981
884,432
884,204
885,593
885,59
885,890
885,720
885,831
885,191
885,25
886,757
886,1591
886,952
886,1425
886,1035
886,1418
886,1643
887,1699
887,688
887,989
887,852
887,1319
887,410
887,531
887,630
888,435
888,942
888,936
888,794
888,411
889,1051
889,920
889,938
889,1007
889,628
890,1102
890,760
890,1073
890,203
890,86
891,1195
891,139
891,1108
891,1684
891,1527
891,1442
892,662
892,1718
892,216
892,972
892,1061
892,410
892,1711
892,40
893,906
893,1378
893,559
893,708
893,811
893,1674
894,257
894,1080
894,1012
894,860
894,810
894,1156
894,1309
894,79
894,1560
895,171
895,1598
895,848
895,1085
895,1135
895,503
895,1053
895,1523
896,765
896,1347
896,1501
896,500
896,1323
896,1684
896,1369
896,203
896,1327
897,1030
897,1559
897,496
897,1173
897,449
897,1357
897,186
898,1438
898,357
898,1215
898,1217
898,444
898,869
898,665
899,1684
899,1726
899,517
899,1276
899,1523
899,1598
899,1323
900,350
900,1282
900,570
900,1375
900,613
901,316
901,398
901,391
901,517
901,1117
901,1647
901,1017
901,964
901,208
901,1309
902,654
902,881
902,584
902,398
902,327
902,82
902,923
903,1421
903,728
903,1098
903,768
903,1586
903,1267
903,249
903,200
903,1329
904,870
904,996
904,92
904,1649
904,295
905,912
905,1293
905,1682
905,816
905,149
906,1700
906,1398
906,1361
906,1043
906,1587
906,1061
906,1355
906,978
907,445
907,309
907,73
907,900
907,1608
908,1375
908,1470
908,730
908,277
908,679
908,638
908,1239
908,964
908,16
908,451
909,1124
909,1277
909,745
909,736
909,1649
909,481
909,477
909,20
909,240
909,312
910,1404
910,1702
910,1119
910,221
910,765
911,618
911,48
911,412
911,1272
911,741
911,509
911,419
912,159
912,221
912,1194
912,542
912,1383
912,381
912,1319
912,1098
912,1379
913,400
913,1515
913,1687
913,1165
913,7
914,1250
914,658
914,1392
914,956
914,986
914,187
914,1717
914,1250
915,1736
915,659
915,1674
915,436
915,819
915,1370
915,95
915,1683
915,131
916,1037
916,758
916,1704
916,481
916,515
917,915
917,270
917,557
917,879
917,389
917,1294
917,113
917,1114
917,1218
918,1462
918,1349
918,361
918,55
918,1719
918,1423
919,157
919,1497
919,1730
919,1512
919,461
919,1575
919,1215
919,1614
920,12
920,897
920,318
920,411
920,1479
921,1059
921,1185
921,84
921,1638
921,1587
922,1276
922,1061
922,897
922,1274
922,240
922,1609
922,1061
923,1540
923,403
923,856
923,909
923,787
923,82
924,350
924,1599
924,1207
924,409
924,1450
924,1467
924,1319
924,296
924,65
925,308
925,937
925,1574
925,525
925,410
925,186
925,779
926,1670
926,47
926,1708
926,390
926,628
927,788
927,1499
927,797
927,921
927,843
927,1314
928,769
928,1399
928,819
928,253
928,1526
928,261
928,297
928,1019
928,241
928,288
929,353
929,1516
929,1712
929,628
929,102
929,431
930,883
930,943
930,1195
930,1727
930,1475
930,453
930,1159
930,1054
930,1326
930,1531
931,107
931,679
931,205
931,1232
931,460
931,737
931,193
931,55
932,908
932,1604
932,1332
932,463
932,1579
933,585
933,421
933,1537
933,291
933,1650
933,269
933,1012
934,750
934,1560
934,1133
934,1211
934,1502
934,1502
934,1059
934,1493
934,1329
934,1
935,216
935,1578
935,36
935,1647
935,452
936,720
936,109
936,202
936,1613
936,38
936,210
937,1632
937,504
937,270
937,1343
937,435
937,980
938,1050
938,1521
938,1566
938,298
938,378
938,584
938,269
938,207
938,678
938,1050
939,978
939,401
939,245
939,1653
939,571
939,1311
939,627
939,143
939,906
939,1630
940,333
940,1061
940,1662
940,416
940,1172
940,748
941,1420
941,1521
941,667
941,645
941,221
941,862
941,1418
941,253
941,1265
942,625
942,1612
942,376
942,65
942,422
942,471
942,1655
942,1039
942,1731
943,851
943,1670
943,1215
943,316
943,1669
943,394
944,1375
944,875
944,477
944,728
944,338
944,870
944,1628
944,426
945,1001
945,1356
945,1560
945,645
945,698
945,755
945,1373
945,1589
945,591
945,159
946,613
946,169
946,416
946,500
946,232
946,783
946,404
946,663
946,86
947,1255
947,1407
947,504
947,708
947,1698
947,693
947,869
947,628
947,1245
947,436
948,1167
948,1641
948,39
948,743
948,234
948,331
948,873
948,1578
948,1165
949,897
949,290
949,559
949,631
949,1616
949,107
949,535
949,1352
949,1723
949,1194
950,1465
950,1250
950,1200
950,6
950,873
950,1204
950,1326
950,119
951,871
951,708
951,654
951,1224
951,493
951,1320
951,1286
951,77
951,1257
952,1534
952,337
952,949
952,94
952,601
952,1120
952,140
952,243
952,722
952,1269
953,1115
953,309
953,109
953,1554
953,234
953,518
953,667
953,1078
953,996
954,227
954,326
954,1006
954,895
954,143
954,97
954,1286
954,966
954,399
955,907
955,291
955,31
955,830
955,126
955,34
955,1172
956,1017
956,320
956,796
956,1375
956,1567
956,1581
956,583
956,640
956,925
956,139
957,200
957,409
957,567
957,292
957,709
957,1673
958,695
958,1383
958,49
958,1281
958,1281
958,83
958,1283
958,1448
958,233
958,176
959,475
959,348
959,68
959,335
959,1117
959,1037
959,422
960,1652
960,1001
960,666
960,961
960,986
960,624
960,20
960,645
960,1572
961,795
961,78
961,178
961,1267
961,1561
962,935
962,1138
962,1086
962,491
962,1698
963,812
963,601
963,813
963,533
963,336
963,1044
964,230
964,5
964,1538
964,646
964,569
964,589
964,303
964,523
964,1589
964,1207
965,708
965,1579
965,15
965,219
965,157
965,323
965,102
965,791
966,644
966,984
966,557
966,296
966,858
967,986
967,675
967,1129
967,1582
967,395
967,1529
967,1608
968,667
968,303
968,1248
968,1561
968,909
968,839
968,1186
968,284
968,1264
969,1291
969,150
969,1366
969,1683
969,900
970,808
970,1719
970,252
970,344
970,720
970,270
970,294
970,403
970,1642
971,55
971,1005
971,1410
971,349
971,424
971,764
972,1269
972,617
972,801
972,49
972,164
972,74
972,1046
973,1519
973,547
973,625
973,983
973,1601
974,272
974,1301
974,964
974,270
974,1540
975,1440
975,107
975,487
975,1716
975,910
975,178
975,1458
976,416
976,219
976,35
976,260
976,398
976,1718
977,103
977,154
977,1583
977,1698
977,363
977,1461
977,120
977,22
977,1253
978,1649
978,923
978,1115
978,970
978,1046
979,408
979,1732
979,331
979,1038
979,1466
980,860
980,1073
980,872
980,347
980,76
980,1172
980,628
981,500
981,154
981,588
981,447
981,262
981,517
981,946
981,1163
982,1124
982,1585
982,1326
982,1389
982,210
983,881
983,1262
983,47
983,1590
983,325
983,658
983,1024
983,614
983,729
983,555
984,198
984,632
984,350
984,20
984,350
984,1079
984,735
985,54
985,1229
985,1675
985,1289
985,929
985,1577
985,1566
985,566
986,944
986,1209
986,978
986,1227
986,1458
986,462
986,321
987,867
987,1057
987,1433
987,136
987,910
987,755
987,1096
987,1579
987,752
987,1545
988,659
988,1509
988,992
988,423
988,1339
988,1270
988,5
988,407
988,1150
989,926
989,1495
989,115
989,1237
989,1273
989,1602
989,552
989,456
989,530
990,1315
990,106
990,228
990,1335
990,91
990,1353
990,515
990,307
990,212
990,178
991,830
991,1249
991,1290
991,335
991,327
991,1086
991,503
992,884
992,59
992,1489
992,631
992,57
992,165
992,1658
992,1097
992,553
993,461
993,557
993,1210
993,715
993,902
993,1491
993,1461
993,823
993,1644
994,1297
994,814
994,547
994,199
994,408
994,48
994,1209
994,480
994,1456
994,837
995,732
995,398
995,1374
995,289
995,342
995,663
995,794
995,1428
996,1099
996,197
996,341
996,259
996,598
996,931
996,362
996,1003
996,337
996,26
997,454
997,675
997,25
997,1094
997,514
997,1410
997,1416
998,876
998,1215
998,1722
998,1311
998,119
998,106
998,1235
998,675
999,1108
999,1046
999,1421
999,84
999,382
999,1377
999,710
999,555
999,1
1000,1432
1000,96
1000,1545
1000,1098
1000,552
1000,315
1000,624
1000,415
1000,161
1000,206
