application_id,applicant_id,job_offer_id
1,79,1
2,190,1
3,289,1
4,325,1
5,445,1
6,60,2
7,106,2
8,183,2
9,203,2
10,214,2
11,26,3
12,137,3
13,289,3
14,314,3
15,656,3
16,36,4
17,38,4
18,176,4
19,317,4
20,331,4
21,95,5
22,442,5
23,478,5
24,549,5
25,642,5
26,55,6
27,65,6
28,159,6
29,210,6
30,231,6
31,3,7
32,76,7
33,111,7
34,162,7
35,249,7
36,50,8
37,216,8
38,253,8
39,277,8
40,449,8
41,68,9
42,101,9
43,168,9
44,196,9
45,255,9
46,6,10
47,9,10
48,12,10
49,59,10
50,73,10
51,10,11
52,12,11
53,36,11
54,41,11
55,81,11
56,58,12
57,608,12
58,643,12
59,839,12
60,49,13
61,242,13
62,271,13
63,495,13
64,565,13
65,215,14
66,393,14
67,464,14
68,630,14
69,651,14
70,45,15
71,90,15
72,143,15
73,284,15
74,293,15
75,33,16
76,36,16
77,105,16
78,118,16
79,119,16
80,86,17
81,127,17
82,179,17
83,276,17
84,338,17
85,19,18
86,148,18
87,227,18
88,313,18
89,661,18
90,1,19
91,30,19
92,117,19
93,124,19
94,154,19
95,17,20
96,26,20
97,45,20
98,145,20
99,168,20
100,4,21
101,8,21
102,30,21
103,44,21
104,145,21
105,80,22
106,166,22
107,252,22
108,432,22
109,474,22
110,136,23
111,179,23
112,285,23
113,352,23
114,477,23
115,12,24
116,87,24
117,357,24
118,358,24
119,483,24
120,13,25
121,40,25
122,45,25
123,404,25
124,453,25
125,36,26
126,37,26
127,58,26
128,115,26
129,196,26
130,53,27
131,77,27
132,111,27
133,209,27
134,275,27
135,119,28
136,150,28
137,213,28
138,246,28
139,453,28
140,69,29
141,166,29
142,357,29
143,407,29
144,500,29
145,201,30
146,287,30
147,318,30
148,365,30
149,387,30
150,13,31
151,92,31
152,95,31
153,116,31
154,195,31
155,353,32
156,362,32
157,553,32
158,613,32
159,865,32
160,1,33
161,43,33
162,46,33
163,85,33
164,89,33
165,54,34
166,58,34
167,69,34
168,114,34
169,127,34
170,124,35
171,247,35
172,301,35
173,471,35
174,513,35
175,27,36
176,67,36
177,161,36
178,299,36
179,388,36
180,17,37
181,79,37
182,190,37
183,248,37
184,255,37
185,55,38
186,136,38
187,141,38
188,153,38
189,164,38
190,54,39
191,65,39
192,68,39
193,178,39
194,374,39
195,74,40
196,151,40
197,181,40
198,261,40
199,344,40
200,187,41
201,286,41
202,337,41
203,368,41
204,395,41
205,3,42
206,48,42
207,50,42
208,70,42
209,79,42
210,199,43
211,321,43
212,347,43
213,483,43
214,544,43
215,7,44
216,9,44
217,66,44
218,73,44
219,77,44
220,140,45
221,147,45
222,258,45
223,291,45
224,504,45
225,37,46
226,77,46
227,183,46
228,203,46
229,350,46
230,32,47
231,37,47
232,182,47
233,238,47
234,247,47
235,107,48
236,167,48
237,365,48
238,382,48
239,473,48
240,3,49
241,220,49
242,221,49
243,249,49
244,292,49
245,5,50
246,105,50
247,136,50
248,172,50
249,224,50
